PLAN-core-runtime-scene-transforms	docs/plans/core-runtime/scene-transforms.md
PLAN-core-runtime-spatial-index	docs/plans/core-runtime/spatial-index.md
PLAN-data-systems-attributes-effects	docs/plans/data-systems/attributes-effects.md
PLAN-data-systems-composition	docs/plans/data-systems/composition.md
PLAN-data-systems-containers-slots	docs/plans/data-systems/containers-slots.md
PLAN-data-systems-data-tables	docs/plans/data-systems/data-tables.md
PLAN-data-systems-directed-graphs	docs/plans/data-systems/directed-graphs.md
PLAN-game-framework-camera	docs/plans/game-framework/camera.md
PLAN-game-framework-localization	docs/plans/game-framework/localization.md
PLAN-game-framework-save-system	docs/plans/game-framework/save-system.md
PLAN-game-framework-scripting	docs/plans/game-framework/scripting.md
PLAN-geometry-procedural-generation	docs/plans/geometry/procedural-generation.md
PLAN-geometry-world-geometry	docs/plans/geometry/world-geometry.md
PLAN-input-input	docs/plans/input/input.md
PLAN-integration-ai-animation	docs/plans/integration/ai-animation.md
PLAN-integration-ai-data-tables	docs/plans/integration/ai-data-tables.md
PLAN-integration-ai-event-logs	docs/plans/integration/ai-event-logs.md
PLAN-integration-ai-grids-volumes	docs/plans/integration/ai-grids-volumes.md
PLAN-integration-ai-physics	docs/plans/integration/ai-physics.md
PLAN-integration-ai-scripting	docs/plans/integration/ai-scripting.md
PLAN-integration-ai-spatial-awareness	docs/plans/integration/ai-spatial-awareness.md
PLAN-integration-animation-audio	docs/plans/integration/animation-audio.md
PLAN-integration-animation-physics	docs/plans/integration/animation-physics.md
PLAN-integration-animation-rendering	docs/plans/integration/animation-rendering.md
PLAN-integration-animation-timelines	docs/plans/integration/animation-timelines.md
PLAN-integration-animation-vfx	docs/plans/integration/animation-vfx.md
PLAN-integration-asset-pipeline-build-deploy	docs/plans/integration/asset-pipeline-build-deploy.md
PLAN-integration-asset-pipeline-rendering	docs/plans/integration/asset-pipeline-rendering.md
PLAN-integration-attributes-effects-animation	docs/plans/integration/attributes-effects-animation.md
PLAN-integration-attributes-effects-physics	docs/plans/integration/attributes-effects-physics.md
PLAN-integration-audio-camera	docs/plans/integration/audio-camera.md
PLAN-integration-audio-physics	docs/plans/integration/audio-physics.md
PLAN-integration-audio-spatial-awareness	docs/plans/integration/audio-spatial-awareness.md
PLAN-integration-containers-slots-rendering	docs/plans/integration/containers-slots-rendering.md
PLAN-integration-containers-slots-ui	docs/plans/integration/containers-slots-ui.md
PLAN-integration-data-tables-ui	docs/plans/integration/data-tables-ui.md
PLAN-integration-directed-graphs-scripting	docs/plans/integration/directed-graphs-scripting.md
PLAN-integration-editor-animation	docs/plans/integration/editor-animation.md
PLAN-integration-editor-asset-pipeline	docs/plans/integration/editor-asset-pipeline.md
PLAN-integration-editor-core-runtime	docs/plans/integration/editor-core-runtime.md
PLAN-integration-editor-physics	docs/plans/integration/editor-physics.md
PLAN-integration-editor-rendering	docs/plans/integration/editor-rendering.md
PLAN-integration-event-logs-ui	docs/plans/integration/event-logs-ui.md
PLAN-integration-geometry-vfx	docs/plans/integration/geometry-vfx.md
PLAN-integration-grids-volumes-physics	docs/plans/integration/grids-volumes-physics.md
PLAN-integration-high-level	docs/plans/integration/high-level.md
PLAN-integration-input-camera	docs/plans/integration/input-camera.md
PLAN-integration-input-ui	docs/plans/integration/input-ui.md
PLAN-integration-localization-ui	docs/plans/integration/localization-ui.md
PLAN-integration-networking-audio	docs/plans/integration/networking-audio.md
PLAN-integration-networking-ecs	docs/plans/integration/networking-ecs.md
PLAN-integration-networking-physics	docs/plans/integration/networking-physics.md
PLAN-integration-networking-save-system	docs/plans/integration/networking-save-system.md
PLAN-integration-physics-geometry	docs/plans/integration/physics-geometry.md
PLAN-integration-physics-spatial-index	docs/plans/integration/physics-spatial-index.md
PLAN-integration-profiler-game-loop	docs/plans/integration/profiler-game-loop.md
PLAN-integration-profiler-rendering	docs/plans/integration/profiler-rendering.md
PLAN-integration-rendering-camera	docs/plans/integration/rendering-camera.md
PLAN-integration-rendering-geometry	docs/plans/integration/rendering-geometry.md
PLAN-integration-rendering-grids-volumes	docs/plans/integration/rendering-grids-volumes.md
PLAN-integration-rendering-physics	docs/plans/integration/rendering-physics.md
PLAN-integration-rendering-scripting	docs/plans/integration/rendering-scripting.md
PLAN-integration-rendering-ui	docs/plans/integration/rendering-ui.md
PLAN-integration-rendering-vfx	docs/plans/integration/rendering-vfx.md
PLAN-integration-save-system-profiler	docs/plans/integration/save-system-profiler.md
PLAN-integration-save-system-serialization	docs/plans/integration/save-system-serialization.md
PLAN-integration-scripting-data-tables	docs/plans/integration/scripting-data-tables.md
PLAN-integration-scripting-ecs	docs/plans/integration/scripting-ecs.md
PLAN-integration-scripting-ui	docs/plans/integration/scripting-ui.md
PLAN-integration-shared-conventions	docs/plans/integration/shared-conventions.md
PLAN-integration-shared-messaging-capacities	docs/plans/integration/shared-messaging-capacities.md
PLAN-integration-timelines-audio	docs/plans/integration/timelines-audio.md
PLAN-integration-timelines-camera	docs/plans/integration/timelines-camera.md
PLAN-integration-timelines-scripting	docs/plans/integration/timelines-scripting.md
PLAN-integration-ui-physics	docs/plans/integration/ui-physics.md
PLAN-networking-network-infrastructure	docs/plans/networking/network-infrastructure.md
PLAN-networking-network-services	docs/plans/networking/network-services.md
PLAN-networking-network-transport	docs/plans/networking/network-transport.md
PLAN-physics-advanced	docs/plans/physics/advanced.md
PLAN-platform-console-integration	docs/plans/platform/console-integration.md
PLAN-platform-crash-reporting	docs/plans/platform/crash-reporting.md
PLAN-platform-platform-services	docs/plans/platform/platform-services.md
PLAN-platform-telemetry	docs/plans/platform/telemetry.md
PLAN-platform-threading	docs/plans/platform/threading.md
PLAN-platform-windowing	docs/plans/platform/windowing.md
PLAN-rendering-2d	docs/plans/rendering/2d.md
PLAN-rendering-camera-rendering	docs/plans/rendering/camera-rendering.md
PLAN-rendering-meshlets	docs/plans/rendering/meshlets.md
PLAN-rendering-pipeline-state-cache	docs/plans/rendering/pipeline-state-cache.md
PLAN-rendering-render-effects	docs/plans/rendering/render-effects.md
PLAN-rendering-render-pipeline	docs/plans/rendering/render-pipeline.md
PLAN-rendering-render-styles	docs/plans/rendering/render-styles.md
PLAN-rendering-rendering-core	docs/plans/rendering/rendering-core.md
PLAN-rendering-shader-variants	docs/plans/rendering/shader-variants.md
PLAN-simulation-event-logs	docs/plans/simulation/event-logs.md
PLAN-simulation-game-loop-phases	docs/plans/simulation/game-loop-phases.md
PLAN-simulation-grids-volumes	docs/plans/simulation/grids-volumes.md
PLAN-simulation-spatial-awareness	docs/plans/simulation/spatial-awareness.md
PLAN-simulation-timelines	docs/plans/simulation/timelines.md
PLAN-tools-build-deploy	docs/plans/tools/build-deploy.md
PLAN-tools-content-services	docs/plans/tools/content-services.md
PLAN-tools-editor-core	docs/plans/tools/editor-core.md
PLAN-tools-level-world	docs/plans/tools/level-world.md
PLAN-tools-plugin-marketplace	docs/plans/tools/plugin-marketplace.md
PLAN-tools-profiler	docs/plans/tools/profiler.md
PLAN-tools-scene-versioning	docs/plans/tools/scene-versioning.md
PLAN-tools-selection-model	docs/plans/tools/selection-model.md
PLAN-tools-team-tools	docs/plans/tools/team-tools.md
PLAN-tools-undo-redo	docs/plans/tools/undo-redo.md
PLAN-tools-visual-editors	docs/plans/tools/visual-editors.md
PLAN-ui-ui-framework	docs/plans/ui/ui-framework.md
PLAN-vfx-effects	docs/plans/vfx/effects.md
PLAN-vfx-particles	docs/plans/vfx/particles.md
